{"preference_params": [1, 0.6598783652535309, 0.062390266922932924, 0.33397589007691086, 0.7383494672556262, 0.04926169174495498, 0.9498597631374821, 0.20341656488540094, 0.7434739075090857, 0.8912376460965162, 0.36351656193532456], "revenues": [0, 0.32950020793756685, 0.5179351405803898, 0.4916918210793324, 0.5250986692398626, 0.4851525258121605, 0.96062294144897, 0.2907275200705398, 0.8194559174122201, 0.15501692262768627, 0.3669075989046978]}