{"preference_params": [1, 0.8320492321413729, 0.7933333903856025, 0.9499545228598059, 0.518931777909065, 0.6908678647377533, 0.39579967353045475, 0.7491380966966404, 0.2315266803530025, 0.02818649945686269, 0.9584441684441096], "revenues": [0, 0.9691621642315487, 0.6533779395092227, 0.8981429178984365, 0.5144642199363387, 0.6440252277291204, 0.895537619328097, 0.8836748811874086, 0.2641508997193094, 0.3594554952480703, 0.4890923345569441]}