{"preference_params": [1, 0.20037612191726295, 0.2757175317808297, 0.9607876484250125, 0.6916691846111359, 0.4712018172566794, 0.675027095952512, 0.7123882964656272, 0.6954607571450521, 0.6547177155974584, 0.3806767322380997], "revenues": [0, 0.466948601120176, 0.3949439944721205, 0.17201119878075088, 0.7151359361562827, 0.4030584338215062, 0.953608851282669, 0.7730005455696994, 0.4656951601662156, 0.8665513218859943, 0.9424828967780575]}