{"preference_params": [1, 0.2983328420325433, 0.3385477908658612, 0.6224749985523798, 0.23163958282595076, 0.1047680375547767, 0.04789177410838508, 0.2165589173766822, 0.03777018041942248, 0.8612572779727552, 0.5332183308268941], "revenues": [0, 0.4830000921628774, 0.10777126979746803, 0.4249587799766533, 0.523464401428629, 0.5541167583510082, 0.24668290743761567, 0.6710552490087002, 0.13385853169060136, 0.7160024463496443, 0.3746814783092828]}