{"preference_params": [1, 0.3777931527218008, 0.33853808335590163, 0.31607200589188633, 0.18761203041774355, 0.9676993447124234, 0.25576712335688667, 0.2136007311274053, 0.6237621699587729, 0.308360278832171, 0.7324678485364362], "revenues": [0, 0.9345884052955745, 0.1932282212932219, 0.6469603275484089, 0.4546462346717325, 0.35983364530922335, 0.9053480129466079, 0.5527283622095771, 0.8179287324474738, 0.2685508253489652, 0.3947283383545013]}