{"preference_params": [1, 0.6477264917818625, 0.6306287660310641, 0.9241534246671522, 0.17921244547465143, 0.2695270883214451, 0.6133973945015752, 0.5986080286488379, 0.2563068269756379, 0.9143471008645454, 0.12523717778880028], "revenues": [0, 0.5176420075022282, 0.5510372600815899, 0.6514772098219836, 0.8227685054633251, 0.9912392545137397, 0.8380833971983997, 0.698981939367971, 0.2557143217807202, 0.4637636164564003, 0.3232229364823987]}