{"preference_params": [1, 0.6132012230078987, 0.2592493508415987, 0.826193045558968, 0.8815678849856847, 0.3721206113395972, 0.5404822332268158, 0.7678986103079494, 0.19566949009352097, 0.9528118947086841, 0.4494901584032329], "revenues": [0, 0.3963107943077221, 0.8173117044513711, 0.902659138873613, 0.7643827802591945, 0.5645426208203651, 0.41458043126114386, 0.7197610823822239, 0.6763918313986005, 0.3991174891156104, 0.2788032884424075]}