{"preference_params": [1, 0.3935702179922618, 0.33883737977853456, 0.9074147524526721, 0.657714369505755, 0.40447249106529326, 0.309730061231963, 0.07175571153978244, 0.21433221121898294, 0.498269172144447, 0.06271206672262164], "revenues": [0, 0.9782604505434073, 0.8314492193783948, 0.8392870735408031, 0.326924858652625, 0.2672155071091367, 0.8163493837553978, 0.6825065560315992, 0.45282131785338553, 0.35002108864197745, 0.866502712994055]}