{"preference_params": [1, 0.4136218625051885, 0.06405171990186254, 0.3088396538646824, 0.9014365011550051, 0.6300521980083733, 0.8608112049724983, 0.6886169905070195, 0.4800850610881656, 0.548263537510007, 0.8346727268627112], "revenues": [0, 0.37552760924120976, 0.13839144035995612, 0.48978681313686623, 0.7762902678795378, 0.26987506218226665, 0.1194478983720028, 0.21817984068014923, 0.5961798146522228, 0.5524665082613157, 0.9348461661232658]}