{"preference_params": [1, 0.10677575856716004, 0.9182010340604994, 0.5882872567295848, 0.5299610712630922, 0.43418670103950363, 0.9694059919169973, 0.48254289877375234, 0.33395914776515667, 0.6498944136077742, 0.9212564280724383], "revenues": [0, 0.8238878388351351, 0.9511617097191015, 0.9391621952340944, 0.332098625383934, 0.6877620609154157, 0.6269219060716542, 0.1281626075303053, 0.48076841031986983, 0.28992472857954965, 0.7609640829707571]}